{"val_auroc": 0.5945579261205698, "val_loss": 0.7385025024414062, "epoch": 19, "trainer/global_step": 58739, "_timestamp": 1691923141.1855931, "_runtime": 2831.380341053009, "_step": 39, "train_roc": 0.7810436275534854, "train_loss": 0.5759389996528625, "_wandb": {"runtime": 2830}}