{"val_acc": 0.797520637512207, "val_loss": 0.44498929381370544, "epoch": 126, "trainer/global_step": 1904, "_timestamp": 1692268564.221115, "_runtime": 453.20581102371216, "_step": 164, "train_acc": 0.765625, "train_loss": 0.491390198469162, "_wandb": {"runtime": 454}}