{"val_auroc": 0.6407864611456485, "val_loss": 0.7143595814704895, "epoch": 15, "trainer/global_step": 46991, "_timestamp": 1691932004.0902128, "_runtime": 2719.514872789383, "_step": 31, "train_roc": 0.7896137087158162, "train_loss": 0.578163743019104}