{"val_acc": 0.7603305578231812, "val_loss": 3.1741158962249756, "epoch": 299, "trainer/global_step": 2399, "_timestamp": 1692282232.1193416, "_runtime": 737.7203567028046, "_step": 347, "train_acc": 1.0, "train_loss": 8.821487426757812e-06, "_wandb": {"runtime": 737}}