{"val_acc": 0.7851239442825317, "val_loss": 3.040834426879883, "epoch": 199, "trainer/global_step": 1599, "_timestamp": 1692282015.3932898, "_runtime": 502.96435475349426, "_step": 231, "train_acc": 1.0, "train_loss": 8.659229933982715e-06, "_wandb": {"runtime": 502}}