{"val_auroc": 0.5541880015826776, "val_loss": 0.6901661157608032, "epoch": 6, "trainer/global_step": 20558, "_timestamp": 1691932052.3856902, "_runtime": 776.9475243091583, "_step": 13, "train_roc": 0.5555508177734212, "train_loss": 0.6893438696861267}