{"val_acc": 0.7355371713638306, "val_loss": 0.49824440479278564, "epoch": 299, "trainer/global_step": 2399, "_timestamp": 1692269370.183, "_runtime": 835.4116380214691, "_step": 347, "train_acc": 0.75, "train_loss": 0.479927659034729, "_wandb": {"runtime": 834}}