{"val_acc": 0.7166340947151184, "val_loss": 0.5491703748703003, "epoch": 179, "trainer/global_step": 3599, "_timestamp": 1691850259.5535424, "_runtime": 759.1041402816772, "_step": 251, "train_acc": 0.7451171875, "train_loss": 0.5209354758262634, "_wandb": {"runtime": 758}}