{"train_acc": 0.92578125, "train_loss": 0.17953218519687653, "epoch": 199, "trainer/global_step": 44999, "_timestamp": 1691861187.3687809, "_runtime": 17218.54295873642, "_step": 1099, "val_acc": 0.9210205078125, "val_loss": 0.1906507909297943, "_wandb": {"runtime": 17217}}