{"val_acc": 0.7520661354064941, "val_loss": 2.3737287521362305, "epoch": 265, "trainer/global_step": 2127, "_timestamp": 1692281996.4726603, "_runtime": 777.3125522136688, "_step": 307, "train_acc": 1.0, "train_loss": 6.367452442646027e-06, "_wandb": {"runtime": 776}}