{"val_auroc": 0.6546121289461525, "val_loss": 0.6440848112106323, "epoch": 5, "trainer/global_step": 17621, "_timestamp": 1691930188.5952268, "_runtime": 753.3357138633728, "_step": 11, "train_roc": 0.6546540367235415, "train_loss": 0.6593570709228516}