{"val_auroc": 0.5491008311136256, "val_loss": 0.6937170624732971, "epoch": 2, "trainer/global_step": 8810, "_timestamp": 1691931180.3655243, "_runtime": 387.66021823883057, "_step": 5, "train_roc": 0.5059041995625304, "train_loss": 0.6941177845001221}