{"val_acc": 0.7561983466148376, "val_loss": 0.4814465045928955, "epoch": 299, "trainer/global_step": 2399, "_timestamp": 1692279138.181989, "_runtime": 833.3947958946228, "_step": 347, "train_acc": 0.7083333134651184, "train_loss": 0.4887631833553314, "_wandb": {"runtime": 832}}