{"val_auroc": 0.6546450719632246, "val_loss": 0.6984606981277466, "epoch": 13, "trainer/global_step": 41117, "_timestamp": 1691932072.4092443, "_runtime": 1762.4019293785095, "_step": 27, "train_roc": 0.7721379060674745, "train_loss": 0.5905345678329468}