{"val_acc": 0.720703125, "val_loss": 0.6228177547454834, "epoch": 799, "trainer/global_step": 15999, "_timestamp": 1691856043.782939, "_runtime": 3391.230017900467, "_step": 1119, "train_acc": 0.869140625, "train_loss": 0.3058292865753174, "_wandb": {"runtime": 3390}}